point,step,Privacy cost
2,0,2.8849342539882805e-05
2,200,0.000832490862096
2,500,0.000832490663661
2,700,0.0008324924501569
2,900,0.0006923024620512
2,1200,1.842657901263145e-08
2,1400,0.0008324964200188
2,1600,0.0008324944350879
2,1900,0.000832490663661
2,2100,0.0008324916562232
2,2300,9.038957082818655e-10
2,2600,6.969425037084419e-12
2,2800,6.969425037084419e-12
2,3000,6.969425037084419e-12
2,3300,0.0008324911600389
2,3500,6.969425037084419e-12
2,3700,6.969425037084419e-12
2,4000,9.098971576193549e-12
2,4200,9.098971576193549e-12
2,4400,9.098971576193549e-12
2,4600,0.0010406142757241
2,4900,9.098971576193549e-12
2,5100,0.0010406129110719
2,5300,9.098971576193549e-12
2,5600,0.0010406140275351
2,5800,1.7524657974776758e-07
2,6000,0.0010406137793461
2,6300,0.0010406150200974
2,6500,2.2763690932237072e-08
2,6700,9.098971576193549e-12
2,7000,0.0010406147719084
2,7200,0.0012718651670413
2,7400,0.0012718622861521
2,7700,7.163020177003432e-12
2,7900,0.001271862740907
2,8100,0.0012718625893221
2,8400,0.0012718603149663
2,8600,7.356615316922444e-12
2,8800,0.001271862740907
2,9100,0.0012718618312035
2,9300,7.201739204987234e-11
